node_size,model_type,test_size,rmse,mape,training_time,model_file
10,Q_values,0.2,0.6394807,0.24218759,12.754823207855225,GNN_model_10.pkl
12,Q_values,0.2,0.66079557,0.19311227,12.084200620651245,GNN_model_12.pkl
15,Q_values,0.2,0.8672596,0.19728817,12.33444857597351,GNN_model_15.pkl
20,Q_values,0.2,1.0368388,0.2222126,12.770547866821289,GNN_model_20.pkl
25,Q_values,0.2,1.7079302,0.24846795,12.958237886428833,GNN_model_25.pkl
full,Q_values,0.2,0.6104501,226278690000000.0,63.85541367530823,GNN_model_full.pkl
