node_size,model_type,test_size,rmse,mape,training_time,model_file
10,Q_values,0.2,0.62906677,0.23539896,14.102286100387573,GNN_model_10.pkl
12,Q_values,0.2,0.61960214,0.19189088,14.245386600494385,GNN_model_12.pkl
15,Q_values,0.2,0.9465846,0.19346085,14.454530000686646,GNN_model_15.pkl
20,Q_values,0.2,0.88275844,0.25499526,14.778631925582886,GNN_model_20.pkl
25,Q_values,0.2,1.3433747,0.22614928,15.084046363830566,GNN_model_25.pkl
full,Q_values,0.2,0.9343119,1110021600000000.0,74.17174220085144,GNN_model_full.pkl
