node_size,model_type,test_size,rmse,mape,training_time,model_file
10,Q_values,0.2,0.64484864,0.24543557,12.109118223190308,GNN_model_10.pkl
12,Q_values,0.2,0.64244217,0.1999681,11.957008123397827,GNN_model_12.pkl
15,Q_values,0.2,0.88566196,0.1894101,12.109530925750732,GNN_model_15.pkl
20,Q_values,0.2,0.9263526,0.24458298,12.59706163406372,GNN_model_20.pkl
25,Q_values,0.2,1.6667701,0.27238715,12.891293048858643,GNN_model_25.pkl
full,Q_values,0.2,0.7602983,126361444000000.0,62.514355421066284,GNN_model_full.pkl
