node_size,model_type,test_size,rmse,mape,training_time,model_file
10,Q_values,0.2,0.5986805,0.20253353,12.12481951713562,GNN_model_10.pkl
12,Q_values,0.2,0.62317854,0.18955204,12.025078058242798,GNN_model_12.pkl
15,Q_values,0.2,0.88298243,0.24655852,12.20045256614685,GNN_model_15.pkl
20,Q_values,0.2,1.0263805,0.26377517,12.579901695251465,GNN_model_20.pkl
25,Q_values,0.2,1.4902015,0.2003589,12.90797734260559,GNN_model_25.pkl
full,Q_values,0.2,0.7045331,222764020000000.0,62.96990513801575,GNN_model_full.pkl
