node_size,model_type,test_size,rmse,mape,training_time,model_file
10,Q_values,0.2,0.63677496,0.21902113,12.201131582260132,GNN_model_10.pkl
12,Q_values,0.2,0.6642563,0.22448447,12.332062005996704,GNN_model_12.pkl
15,Q_values,0.2,0.87956035,0.22274964,12.502261400222778,GNN_model_15.pkl
20,Q_values,0.2,0.8553519,0.23238686,12.833916425704956,GNN_model_20.pkl
25,Q_values,0.2,1.5785843,0.22360292,13.210259437561035,GNN_model_25.pkl
full,Q_values,0.2,0.6466649,216243520000000.0,64.82845950126648,GNN_model_full.pkl
