node_size,model_type,test_size,rmse,mape,training_time,model_file
10,Q_values,0.2,0.6189207,0.21540658,15.65348744392395,GNN_model_10.pkl
12,Q_values,0.2,0.659956,0.21403322,15.890072345733643,GNN_model_12.pkl
15,Q_values,0.2,0.9277427,0.20321405,16.06215739250183,GNN_model_15.pkl
20,Q_values,0.2,0.92803437,0.21388116,16.33040189743042,GNN_model_20.pkl
25,Q_values,0.2,1.47626,0.2127171,16.933577060699463,GNN_model_25.pkl
full,Q_values,0.2,0.69171625,233590790000000.0,82.17801547050476,GNN_model_full.pkl
