node_size,model_type,test_size,rmse,mape,training_time,model_file
10,Q_values,0.2,0.6250919,0.20903082,19.921241283416748,GNN_model_10.pkl
12,Q_values,0.2,0.69871235,0.22159846,20.200804948806763,GNN_model_12.pkl
15,Q_values,0.2,0.8628208,0.20904645,16.5300714969635,GNN_model_15.pkl
20,Q_values,0.2,0.93962693,0.20903635,17.159541606903076,GNN_model_20.pkl
25,Q_values,0.2,1.4040966,0.20673585,17.530946969985962,GNN_model_25.pkl
full,Q_values,0.2,0.70249814,261708230000000.0,90.9246039390564,GNN_model_full.pkl
