node_size,model_type,test_size,rmse,mape,training_time,model_file
10,Q_values,0.2,0.6153662,0.22149038,12.151519775390625,GNN_model_10.pkl
12,Q_values,0.2,0.62973624,0.20040731,12.029838562011719,GNN_model_12.pkl
15,Q_values,0.2,0.8969246,0.19926208,12.210253238677979,GNN_model_15.pkl
20,Q_values,0.2,1.0291432,0.26795933,12.65515398979187,GNN_model_20.pkl
25,Q_values,0.2,1.4326986,0.21071593,12.810527801513672,GNN_model_25.pkl
full,Q_values,0.2,0.66921717,216638330000000.0,62.93266773223877,GNN_model_full.pkl
