node_size,model_type,test_size,rmse,mape,training_time,model_file
10,Q_values,0.2,0.6659724,0.22600882,19.21510076522827,GNN_model_10.pkl
12,Q_values,0.2,0.8828917,0.27881068,16.668126344680786,GNN_model_12.pkl
15,Q_values,0.2,0.83164597,0.21167362,19.69983673095703,GNN_model_15.pkl
20,Q_values,0.2,0.7149731,0.20817599,20.883582592010498,GNN_model_20.pkl
25,Q_values,0.2,1.7289913,0.22534165,17.738556623458862,GNN_model_25.pkl
full,Q_values,0.2,0.6643857,405095040000000.0,104.21218681335449,GNN_model_full.pkl
