node_size,model_type,test_size,rmse,mape,training_time,model_file
10,Q_values,0.2,0.6204334,0.21915407,12.146434307098389,GNN_model_10.pkl
12,Q_values,0.2,0.6625593,0.20090225,12.091380834579468,GNN_model_12.pkl
15,Q_values,0.2,0.77636176,0.20135942,12.18718957901001,GNN_model_15.pkl
20,Q_values,0.2,1.0476055,0.26080585,12.706904888153076,GNN_model_20.pkl
25,Q_values,0.2,1.4963896,0.23524478,13.024652481079102,GNN_model_25.pkl
full,Q_values,0.2,0.7373382,266170100000000.0,63.04316186904907,GNN_model_full.pkl
