node_size,model_type,test_size,rmse,mape,training_time,model_file
10,Q_values,0.2,0.6346712,0.23004094,12.133042573928833,GNN_model_10.pkl
12,Q_values,0.2,0.60684675,0.16718937,12.356466293334961,GNN_model_12.pkl
15,Q_values,0.2,0.77768767,0.20171602,12.624884605407715,GNN_model_15.pkl
20,Q_values,0.2,1.090512,0.2744435,13.14199423789978,GNN_model_20.pkl
25,Q_values,0.2,1.5609217,0.24238786,13.753849267959595,GNN_model_25.pkl
full,Q_values,0.2,0.85726273,196461550000000.0,64.60970950126648,GNN_model_full.pkl
