node_size,model_type,test_size,rmse,mape,training_time,model_file
10,Q_values,0.2,0.60791814,0.21079016,12.322745084762573,GNN_model_10.pkl
12,Q_values,0.2,0.7434005,0.23035899,12.268131971359253,GNN_model_12.pkl
15,Q_values,0.2,0.882391,0.22353275,12.442296504974365,GNN_model_15.pkl
20,Q_values,0.2,0.9378736,0.23936538,12.99758768081665,GNN_model_20.pkl
25,Q_values,0.2,1.5341021,0.2317954,13.25478720664978,GNN_model_25.pkl
full,Q_values,0.2,0.6669233,406751920000000.0,64.25784349441528,GNN_model_full.pkl
