node_size,model_type,test_size,rmse,mape,training_time,model_file
10,Q_values,0.2,0.6355963,0.22485991,14.82156229019165,GNN_model_10.pkl
12,Q_values,0.2,0.65262693,0.19836228,14.482455730438232,GNN_model_12.pkl
15,Q_values,0.2,0.7735086,0.23005971,14.823627948760986,GNN_model_15.pkl
20,Q_values,0.2,0.9072629,0.20077245,15.109355926513672,GNN_model_20.pkl
25,Q_values,0.2,1.4640571,0.19424805,15.786219596862793,GNN_model_25.pkl
full,Q_values,0.2,0.6676615,321592550000000.0,76.37907767295837,GNN_model_full.pkl
