node_size,model_type,test_size,rmse,mape,training_time,model_file
10,Q_values,0.2,0.6321703,0.23884177,9.891980409622192,GNN_model_10.pkl
12,Q_values,0.2,0.7746749,0.25703764,8.972212791442871,GNN_model_12.pkl
15,Q_values,0.2,0.8032232,0.22717512,9.194100856781006,GNN_model_15.pkl
20,Q_values,0.2,0.925852,0.22050413,9.480865716934204,GNN_model_20.pkl
25,Q_values,0.2,1.3623503,0.21272345,9.575379371643066,GNN_model_25.pkl
full,Q_values,0.2,0.6882416,179917150000000.0,46.905136585235596,GNN_model_full.pkl
