node_size,model_type,test_size,rmse,mape,training_time,model_file
10,Q_values,0.2,0.697791,0.26368237,12.901593208312988,GNN_model_10.pkl
12,Q_values,0.2,0.7822439,0.24008441,12.169160842895508,GNN_model_12.pkl
15,Q_values,0.2,0.78812003,0.21500218,12.505344152450562,GNN_model_15.pkl
20,Q_values,0.2,0.9671184,0.20370154,12.900052070617676,GNN_model_20.pkl
25,Q_values,0.2,1.4929705,0.20768404,13.126360893249512,GNN_model_25.pkl
full,Q_values,0.2,0.7648683,245530180000000.0,64.2400324344635,GNN_model_full.pkl
