node_size,model_type,test_size,rmse,mape,training_time,model_file
10,Q_values,0.2,0.6297452,0.2027851,12.18066143989563,GNN_model_10.pkl
12,Q_values,0.2,0.75486463,0.23915565,12.006125688552856,GNN_model_12.pkl
15,Q_values,0.2,0.8995966,0.24602485,12.2160484790802,GNN_model_15.pkl
20,Q_values,0.2,0.987684,0.26609978,12.56945252418518,GNN_model_20.pkl
25,Q_values,0.2,1.4631935,0.20539281,12.955440282821655,GNN_model_25.pkl
full,Q_values,0.2,1.0782139,857319100000000.0,63.046790599823,GNN_model_full.pkl
