node_size,model_type,test_size,rmse,mape,training_time,model_file
10,Q_values,0.2,0.6139331,0.21452272,9.260979652404785,GNN_model_10.pkl
12,Q_values,0.2,0.8184842,0.24241814,8.509676933288574,GNN_model_12.pkl
15,Q_values,0.2,0.94268966,0.2095911,8.598923921585083,GNN_model_15.pkl
20,Q_values,0.2,0.86319786,0.21163496,8.872067928314209,GNN_model_20.pkl
25,Q_values,0.2,1.6541195,0.25907433,8.82796573638916,GNN_model_25.pkl
full,Q_values,0.2,0.62747854,217912830000000.0,43.238314628601074,GNN_model_full.pkl
