node_size,model_type,test_size,rmse,mape,training_time,model_file
10,Q_values,0.2,0.6302455,0.23725852,13.642593383789062,GNN_model_10.pkl
12,Q_values,0.2,0.67665714,0.2179245,13.189865589141846,GNN_model_12.pkl
15,Q_values,0.2,0.8448601,0.19320358,12.56553864479065,GNN_model_15.pkl
20,Q_values,0.2,0.88377553,0.26565388,12.855332136154175,GNN_model_20.pkl
25,Q_values,0.2,1.2601405,0.18616645,15.189045429229736,GNN_model_25.pkl
full,Q_values,0.2,0.8404491,416948100000000.0,69.89270281791687,GNN_model_full.pkl
