node_size,model_type,test_size,rmse,mape,training_time,model_file
10,Q_values,0.2,0.6070484,0.22182408,12.362228631973267,GNN_model_10.pkl
12,Q_values,0.2,0.6669342,0.19409773,12.262996435165405,GNN_model_12.pkl
15,Q_values,0.2,0.9536823,0.23736224,12.472771644592285,GNN_model_15.pkl
20,Q_values,0.2,0.8863184,0.20532534,12.957421779632568,GNN_model_20.pkl
25,Q_values,0.2,1.6880921,0.22582674,13.195451498031616,GNN_model_25.pkl
full,Q_values,0.2,0.65610915,214184310000000.0,64.61052918434143,GNN_model_full.pkl
