node_size,model_type,test_size,rmse,mape,training_time,model_file
10,Q_values,0.2,0.6311359,0.23222812,9.461143732070923,GNN_model_10.pkl
12,Q_values,0.2,0.6814252,0.18664473,8.527783393859863,GNN_model_12.pkl
15,Q_values,0.2,0.7899591,0.18300834,8.689635992050171,GNN_model_15.pkl
20,Q_values,0.2,1.1535606,0.22186875,8.951021909713745,GNN_model_20.pkl
25,Q_values,0.2,1.6114914,0.22359729,8.923027753829956,GNN_model_25.pkl
full,Q_values,0.2,0.68821955,337491700000000.0,43.386417627334595,GNN_model_full.pkl
