node_size,model_type,test_size,rmse,mape,training_time,model_file
10,Q_values,0.2,0.596239,0.20804636,15.016278982162476,GNN_model_10.pkl
12,Q_values,0.2,0.66441923,0.19643447,15.050427913665771,GNN_model_12.pkl
15,Q_values,0.2,0.7712175,0.2091546,15.205079555511475,GNN_model_15.pkl
20,Q_values,0.2,1.023729,0.22518358,15.763740062713623,GNN_model_20.pkl
25,Q_values,0.2,1.4619355,0.21694691,16.06126618385315,GNN_model_25.pkl
full,Q_values,0.2,0.6572366,336147130000000.0,78.48201942443848,GNN_model_full.pkl
