node_size,model_type,test_size,rmse,mape,training_time,model_file
10,Q_values,0.2,0.62290317,0.21434787,14.102331638336182,GNN_model_10.pkl
12,Q_values,0.2,0.65067995,0.1728054,14.249178647994995,GNN_model_12.pkl
15,Q_values,0.2,0.9086151,0.22025923,14.46248984336853,GNN_model_15.pkl
20,Q_values,0.2,0.8581591,0.22425652,14.785687446594238,GNN_model_20.pkl
25,Q_values,0.2,1.4534402,0.20506743,15.078013181686401,GNN_model_25.pkl
full,Q_values,0.2,0.8125114,309222650000000.0,74.4464271068573,GNN_model_full.pkl
