node_size,model_type,test_size,rmse,mape,training_time,model_file
10,Q_values,0.2,0.6136289,0.2168335,12.335025548934937,GNN_model_10.pkl
12,Q_values,0.2,0.7749949,0.22776346,12.50314450263977,GNN_model_12.pkl
15,Q_values,0.2,0.8196795,0.20514981,12.716593980789185,GNN_model_15.pkl
20,Q_values,0.2,0.970156,0.24139753,12.92350149154663,GNN_model_20.pkl
25,Q_values,0.2,1.5050138,0.20720069,13.53443956375122,GNN_model_25.pkl
full,Q_values,0.2,0.6499907,234301700000000.0,65.50367140769958,GNN_model_full.pkl
