node_size,model_type,test_size,rmse,mape,training_time,model_file
10,Q_values,0.2,0.6145693,0.21104789,11.28109073638916,GNN_model_10.pkl
12,Q_values,0.2,0.6705001,0.18405612,11.094978094100952,GNN_model_12.pkl
15,Q_values,0.2,0.8437628,0.22266677,11.219517469406128,GNN_model_15.pkl
20,Q_values,0.2,0.85686874,0.25467104,11.820406436920166,GNN_model_20.pkl
25,Q_values,0.2,1.7307172,0.28313947,12.503450870513916,GNN_model_25.pkl
full,Q_values,0.2,0.82163566,112364980000000.0,57.35324454307556,GNN_model_full.pkl
